<?xml version='1.0' standalone='yes' ?>
<LVData xmlns="http://www.ni.com/LVData">
<Version>11.0</Version>
<Object>
<Name>ODESimulator Engine in</Name>
<NumLevels>1</NumLevels>
<Class>NI_Robotics_Simulator.lvlib:ODESimulator_Engine.lvclass</Class>
<Version>1.0.0.8</Version>
<Cluster>
<Name>ODESimulator_Engine.lvclass</Name>
<NumElts>12</NumElts>
<Refnum>
<Name>World</Name>
<RefKind>Generic</RefKind>
<RefType>LVODE</RefType>
<Val>0x00000000</Val>
</Refnum>
<Refnum>
<Name>Space</Name>
<RefKind>Generic</RefKind>
<RefType>LVODE</RefType>
<Val>0x00000000</Val>
</Refnum>
<Refnum>
<Name>JointGroupID</Name>
<RefKind>Generic</RefKind>
<RefType>LVODE</RefType>
<Val>0x00000000</Val>
</Refnum>
<Refnum>
<Name>Scene</Name>
<RefKind>LV Object</RefKind>
<RefType>Scene</RefType>
<Val>0x7EF0000F</Val>
</Refnum>
<Object>
<Name>NISAST Event</Name>
<NumLevels>1</NumLevels>
<Class>NI_Robotics_Simulator.lvlib:ODESimulator_Event.lvclass</Class>
<Version>0.0.0.0</Version>
</Object>
<Object>
<Name>Environment</Name>
<NumLevels>2</NumLevels>
<Class>NI_Robotics_Simulator.lvlib:3D_Physics_Plane.lvclass</Class>
<Version>1.0.0.0</Version>
<Version>1.0.0.0</Version>
<Cluster>
<Name>3D_Physics_Base.lvclass</Name>
<NumElts>13</NumElts>
<String>
<Name>ID</Name>
<Val>Environment</Val>
</String>
<Cluster>
<Name>Position</Name>
<NumElts>3</NumElts>
<SGL>
<Name>X</Name>
<Val>0.00000</Val>
</SGL>
<SGL>
<Name>Y</Name>
<Val>0.00000</Val>
</SGL>
<SGL>
<Name>Z</Name>
<Val>0.00000</Val>
</SGL>
</Cluster>
<Cluster>
<Name>Rotation</Name>
<NumElts>2</NumElts>
<Cluster>
<Name>Axis</Name>
<NumElts>3</NumElts>
<SGL>
<Name>X</Name>
<Val>0.00000</Val>
</SGL>
<SGL>
<Name>Y</Name>
<Val>0.00000</Val>
</SGL>
<SGL>
<Name>Z</Name>
<Val>1.00000</Val>
</SGL>
</Cluster>
<SGL>
<Name>Angle</Name>
<Val>0.00000</Val>
</SGL>
</Cluster>
<SGL>
<Name>Mass</Name>
<Val>0.00000</Val>
</SGL>
<U16>
<Name>Material</Name>
<Val>9</Val>
</U16>
<Cluster>
<Name>Color</Name>
<NumElts>4</NumElts>
<SGL>
<Name>Red</Name>
<Val>1.00000</Val>
</SGL>
<SGL>
<Name>Green</Name>
<Val>1.00000</Val>
</SGL>
<SGL>
<Name>Blue</Name>
<Val>1.00000</Val>
</SGL>
<SGL>
<Name>Alpha</Name>
<Val>1.00000</Val>
</SGL>
</Cluster>
<Path>
<Name>Model File (.ive)</Name>
<Val>environment\NIWeek2010Demo Robot Scene\IVE\robot scene.ive</Val>
</Path>
<Path>
<Name>Model File (.stl)</Name>
<Val>environment\NIWeek2010Demo Robot Scene\STL\robot scene.stl</Val>
</Path>
<Path>
<Name>Texture File (.png)</Name>
<Val></Val>
</Path>
<Boolean>
<Name>Kinematic</Name>
<Val>0</Val>
</Boolean>
<Boolean>
<Name>Visible</Name>
<Val>1</Val>
</Boolean>
<Refnum>
<Name>3D Object</Name>
<RefKind>LV Object</RefKind>
<RefType>Scene</RefType>
<Val>0x7F100005</Val>
</Refnum>
<Refnum>
<Name>ODE Geometry</Name>
<RefKind>Generic</RefKind>
<RefType>LVODE</RefType>
<Val>0x00000000</Val>
</Refnum>
</Cluster>
<Cluster>
</Cluster>
</Object>
<Array>
<Name>Robots</Name>
<Dimsize>1</Dimsize>
<Object>
<Name>ODESimulator.lvlib:NI_Robotics_ODESim_Base Robot.lvclass</Name>
<NumLevels>2</NumLevels>
<Class>NI_Robotics_Simulator.lvlib:ODESimulator_iRobot_Create.lvclass</Class>
<Version>1.0.0.3</Version>
<Version>1.0.0.0</Version>
<Cluster>
<Name>ODESimulator_Base_Robot.lvclass</Name>
<NumElts>9</NumElts>
<String>
<Name>ID</Name>
<Val>iRobot Create_R0</Val>
</String>
<String>
<Name>Type</Name>
<Val></Val>
</String>
<Cluster>
<Name>Position</Name>
<NumElts>3</NumElts>
<SGL>
<Name>X</Name>
<Val>2.5</Val>
</SGL>
<SGL>
<Name>Y</Name>
<Val>3.5</Val>
</SGL>
<SGL>
<Name>Z</Name>
<Val>0.10000</Val>
</SGL>
</Cluster>
<Cluster>
<Name>Rotation</Name>
<NumElts>2</NumElts>
<Cluster>
<Name>Axis</Name>
<NumElts>3</NumElts>
<SGL>
<Name>X</Name>
<Val>0.00000</Val>
</SGL>
<SGL>
<Name>Y</Name>
<Val>0.00000</Val>
</SGL>
<SGL>
<Name>Z</Name>
<Val>0.00000</Val>
</SGL>
</Cluster>
<SGL>
<Name>Angle</Name>
<Val>0.00000</Val>
</SGL>
</Cluster>
<Array>
<Name>Sensors</Name>
<Dimsize>10</Dimsize>
<Object>
<Name>NI_Robotics_Simulator.lvlib:ODESimulator_Base_Sensor.lvclass</Name>
<NumLevels>2</NumLevels>
<Class>NI_Robotics_Simulator.lvlib:ODESimulator_Distance.lvclass</Class>
<Version>1.0.0.1</Version>
<Version>1.0.0.5</Version>
<Cluster>
<Name>ODESimulator_Base_Sensor.lvclass</Name>
<NumElts>10</NumElts>
<String>
<Name>ID</Name>
<Val>Cliff Sensor 0</Val>
</String>
<String>
<Name>Type</Name>
<Val></Val>
</String>
<String>
<Name>Owner ID</Name>
<Val>iRobot Create_R0</Val>
</String>
<String>
<Name>Servo ID</Name>
<Val></Val>
</String>
<Object>
<Name>Base Prop</Name>
<NumLevels>2</NumLevels>
<Class>NI_Robotics_Simulator.lvlib:3D_Physics_Box.lvclass</Class>
<Version>1.0.0.0</Version>
<Version>1.0.0.0</Version>
<Cluster>
<Name>3D_Physics_Base.lvclass</Name>
<NumElts>13</NumElts>
<String>
<Name>ID</Name>
<Val>Cliff Sensor 0</Val>
</String>
<Cluster>
<Name>Position</Name>
<NumElts>3</NumElts>
<SGL>
<Name>X</Name>
<Val>-0.14000</Val>
</SGL>
<SGL>
<Name>Y</Name>
<Val>7.00000E-2</Val>
</SGL>
<SGL>
<Name>Z</Name>
<Val>-4.00000E-2</Val>
</SGL>
</Cluster>
<Cluster>
<Name>Rotation</Name>
<NumElts>2</NumElts>
<Cluster>
<Name>Axis</Name>
<NumElts>3</NumElts>
<SGL>
<Name>X</Name>
<Val>1.00000</Val>
</SGL>
<SGL>
<Name>Y</Name>
<Val>0.00000</Val>
</SGL>
<SGL>
<Name>Z</Name>
<Val>0.00000</Val>
</SGL>
</Cluster>
<SGL>
<Name>Angle</Name>
<Val>-1.57080</Val>
</SGL>
</Cluster>
<SGL>
<Name>Mass</Name>
<Val>0.10000</Val>
</SGL>
<U16>
<Name>Material</Name>
<Val>0</Val>
</U16>
<Cluster>
<Name>Color</Name>
<NumElts>4</NumElts>
<SGL>
<Name>Red</Name>
<Val>1.00000</Val>
</SGL>
<SGL>
<Name>Green</Name>
<Val>1.00000</Val>
</SGL>
<SGL>
<Name>Blue</Name>
<Val>1.00000</Val>
</SGL>
<SGL>
<Name>Alpha</Name>
<Val>1.00000</Val>
</SGL>
</Cluster>
<Path>
<Name>Model File (.ive)</Name>
<Val></Val>
</Path>
<Path>
<Name>Model File (.stl)</Name>
<Val></Val>
</Path>
<Path>
<Name>Texture File (.png)</Name>
<Val></Val>
</Path>
<Boolean>
<Name>Kinematic</Name>
<Val>0</Val>
</Boolean>
<Boolean>
<Name>Visible</Name>
<Val>1</Val>
</Boolean>
<Refnum>
<Name>3D Object</Name>
<RefKind>LV Object</RefKind>
<RefType>Scene</RefType>
<Val>0x7FD0000C</Val>
</Refnum>
<Refnum>
<Name>ODE Geometry</Name>
<RefKind>Generic</RefKind>
<RefType>LVODE</RefType>
<Val>0x00000000</Val>
</Refnum>
</Cluster>
<Cluster>
<Name>3D_Physics_Box.lvclass</Name>
<NumElts>3</NumElts>
<SGL>
<Name>Length X</Name>
<Val>1.00000E-3</Val>
</SGL>
<SGL>
<Name>Length Y</Name>
<Val>1.00000E-3</Val>
</SGL>
<SGL>
<Name>Length Z</Name>
<Val>1.00000E-3</Val>
</SGL>
</Cluster>
</Object>
<U32>
<Name>Sampling Rate</Name>
<Val>100</Val>
</U32>
<SGL>
<Name>Noise</Name>
<Val>0.00000</Val>
</SGL>
<SGL>
<Name>Resolution</Name>
<Val>0.00000</Val>
</SGL>
<EW>
<Name>Attached to Servo</Name>
<Choice>Fixed</Choice>
<Choice>Up Rotate</Choice>
<Choice>Down Rotate</Choice>
<Val>0</Val>
</EW>
<Refnum>
<Name>LVODE Refnum</Name>
<RefKind>Generic</RefKind>
<RefType>LVODE</RefType>
<Val>0x00000000</Val>
</Refnum>
</Cluster>
<Cluster>
<Name>ODESimulator_Distance.lvclass</Name>
<NumElts>2</NumElts>
<SGL>
<Name>Low Range</Name>
<Val>0.00000</Val>
</SGL>
<SGL>
<Name>High Range</Name>
<Val>4.00000</Val>
</SGL>
</Cluster>
</Object>
<Object>
<Name>NI_Robotics_Simulator.lvlib:ODESimulator_Base_Sensor.lvclass</Name>
<NumLevels>2</NumLevels>
<Class>NI_Robotics_Simulator.lvlib:ODESimulator_Distance.lvclass</Class>
<Version>1.0.0.1</Version>
<Version>1.0.0.5</Version>
<Cluster>
<Name>ODESimulator_Base_Sensor.lvclass</Name>
<NumElts>10</NumElts>
<String>
<Name>ID</Name>
<Val>Cliff Sensor 1</Val>
</String>
<String>
<Name>Type</Name>
<Val></Val>
</String>
<String>
<Name>Owner ID</Name>
<Val>iRobot Create_R0</Val>
</String>
<String>
<Name>Servo ID</Name>
<Val></Val>
</String>
<Object>
<Name>Base Prop</Name>
<NumLevels>2</NumLevels>
<Class>NI_Robotics_Simulator.lvlib:3D_Physics_Box.lvclass</Class>
<Version>1.0.0.0</Version>
<Version>1.0.0.0</Version>
<Cluster>
<Name>3D_Physics_Base.lvclass</Name>
<NumElts>13</NumElts>
<String>
<Name>ID</Name>
<Val>Cliff Sensor 1</Val>
</String>
<Cluster>
<Name>Position</Name>
<NumElts>3</NumElts>
<SGL>
<Name>X</Name>
<Val>-4.00000E-2</Val>
</SGL>
<SGL>
<Name>Y</Name>
<Val>0.15000</Val>
</SGL>
<SGL>
<Name>Z</Name>
<Val>-4.00000E-2</Val>
</SGL>
</Cluster>
<Cluster>
<Name>Rotation</Name>
<NumElts>2</NumElts>
<Cluster>
<Name>Axis</Name>
<NumElts>3</NumElts>
<SGL>
<Name>X</Name>
<Val>1.00000</Val>
</SGL>
<SGL>
<Name>Y</Name>
<Val>0.00000</Val>
</SGL>
<SGL>
<Name>Z</Name>
<Val>0.00000</Val>
</SGL>
</Cluster>
<SGL>
<Name>Angle</Name>
<Val>-1.57080</Val>
</SGL>
</Cluster>
<SGL>
<Name>Mass</Name>
<Val>0.10000</Val>
</SGL>
<U16>
<Name>Material</Name>
<Val>0</Val>
</U16>
<Cluster>
<Name>Color</Name>
<NumElts>4</NumElts>
<SGL>
<Name>Red</Name>
<Val>1.00000</Val>
</SGL>
<SGL>
<Name>Green</Name>
<Val>1.00000</Val>
</SGL>
<SGL>
<Name>Blue</Name>
<Val>1.00000</Val>
</SGL>
<SGL>
<Name>Alpha</Name>
<Val>1.00000</Val>
</SGL>
</Cluster>
<Path>
<Name>Model File (.ive)</Name>
<Val></Val>
</Path>
<Path>
<Name>Model File (.stl)</Name>
<Val></Val>
</Path>
<Path>
<Name>Texture File (.png)</Name>
<Val></Val>
</Path>
<Boolean>
<Name>Kinematic</Name>
<Val>0</Val>
</Boolean>
<Boolean>
<Name>Visible</Name>
<Val>1</Val>
</Boolean>
<Refnum>
<Name>3D Object</Name>
<RefKind>LV Object</RefKind>
<RefType>Scene</RefType>
<Val>0x80200007</Val>
</Refnum>
<Refnum>
<Name>ODE Geometry</Name>
<RefKind>Generic</RefKind>
<RefType>LVODE</RefType>
<Val>0x00000000</Val>
</Refnum>
</Cluster>
<Cluster>
<Name>3D_Physics_Box.lvclass</Name>
<NumElts>3</NumElts>
<SGL>
<Name>Length X</Name>
<Val>1.00000E-3</Val>
</SGL>
<SGL>
<Name>Length Y</Name>
<Val>1.00000E-3</Val>
</SGL>
<SGL>
<Name>Length Z</Name>
<Val>1.00000E-3</Val>
</SGL>
</Cluster>
</Object>
<U32>
<Name>Sampling Rate</Name>
<Val>100</Val>
</U32>
<SGL>
<Name>Noise</Name>
<Val>0.00000</Val>
</SGL>
<SGL>
<Name>Resolution</Name>
<Val>0.00000</Val>
</SGL>
<EW>
<Name>Attached to Servo</Name>
<Choice>Fixed</Choice>
<Choice>Up Rotate</Choice>
<Choice>Down Rotate</Choice>
<Val>0</Val>
</EW>
<Refnum>
<Name>LVODE Refnum</Name>
<RefKind>Generic</RefKind>
<RefType>LVODE</RefType>
<Val>0x00000000</Val>
</Refnum>
</Cluster>
<Cluster>
<Name>ODESimulator_Distance.lvclass</Name>
<NumElts>2</NumElts>
<SGL>
<Name>Low Range</Name>
<Val>0.00000</Val>
</SGL>
<SGL>
<Name>High Range</Name>
<Val>4.00000</Val>
</SGL>
</Cluster>
</Object>
<Object>
<Name>NI_Robotics_Simulator.lvlib:ODESimulator_Base_Sensor.lvclass</Name>
<NumLevels>2</NumLevels>
<Class>NI_Robotics_Simulator.lvlib:ODESimulator_Distance.lvclass</Class>
<Version>1.0.0.1</Version>
<Version>1.0.0.5</Version>
<Cluster>
<Name>ODESimulator_Base_Sensor.lvclass</Name>
<NumElts>10</NumElts>
<String>
<Name>ID</Name>
<Val>Cliff Sensor 2</Val>
</String>
<String>
<Name>Type</Name>
<Val></Val>
</String>
<String>
<Name>Owner ID</Name>
<Val>iRobot Create_R0</Val>
</String>
<String>
<Name>Servo ID</Name>
<Val></Val>
</String>
<Object>
<Name>Base Prop</Name>
<NumLevels>2</NumLevels>
<Class>NI_Robotics_Simulator.lvlib:3D_Physics_Box.lvclass</Class>
<Version>1.0.0.0</Version>
<Version>1.0.0.0</Version>
<Cluster>
<Name>3D_Physics_Base.lvclass</Name>
<NumElts>13</NumElts>
<String>
<Name>ID</Name>
<Val>Cliff Sensor 2</Val>
</String>
<Cluster>
<Name>Position</Name>
<NumElts>3</NumElts>
<SGL>
<Name>X</Name>
<Val>4.00000E-2</Val>
</SGL>
<SGL>
<Name>Y</Name>
<Val>0.15000</Val>
</SGL>
<SGL>
<Name>Z</Name>
<Val>-4.00000E-2</Val>
</SGL>
</Cluster>
<Cluster>
<Name>Rotation</Name>
<NumElts>2</NumElts>
<Cluster>
<Name>Axis</Name>
<NumElts>3</NumElts>
<SGL>
<Name>X</Name>
<Val>1.00000</Val>
</SGL>
<SGL>
<Name>Y</Name>
<Val>0.00000</Val>
</SGL>
<SGL>
<Name>Z</Name>
<Val>0.00000</Val>
</SGL>
</Cluster>
<SGL>
<Name>Angle</Name>
<Val>-1.57080</Val>
</SGL>
</Cluster>
<SGL>
<Name>Mass</Name>
<Val>0.10000</Val>
</SGL>
<U16>
<Name>Material</Name>
<Val>0</Val>
</U16>
<Cluster>
<Name>Color</Name>
<NumElts>4</NumElts>
<SGL>
<Name>Red</Name>
<Val>1.00000</Val>
</SGL>
<SGL>
<Name>Green</Name>
<Val>1.00000</Val>
</SGL>
<SGL>
<Name>Blue</Name>
<Val>1.00000</Val>
</SGL>
<SGL>
<Name>Alpha</Name>
<Val>1.00000</Val>
</SGL>
</Cluster>
<Path>
<Name>Model File (.ive)</Name>
<Val></Val>
</Path>
<Path>
<Name>Model File (.stl)</Name>
<Val></Val>
</Path>
<Path>
<Name>Texture File (.png)</Name>
<Val></Val>
</Path>
<Boolean>
<Name>Kinematic</Name>
<Val>0</Val>
</Boolean>
<Boolean>
<Name>Visible</Name>
<Val>1</Val>
</Boolean>
<Refnum>
<Name>3D Object</Name>
<RefKind>LV Object</RefKind>
<RefType>Scene</RefType>
<Val>0x80800004</Val>
</Refnum>
<Refnum>
<Name>ODE Geometry</Name>
<RefKind>Generic</RefKind>
<RefType>LVODE</RefType>
<Val>0x00000000</Val>
</Refnum>
</Cluster>
<Cluster>
<Name>3D_Physics_Box.lvclass</Name>
<NumElts>3</NumElts>
<SGL>
<Name>Length X</Name>
<Val>1.00000E-3</Val>
</SGL>
<SGL>
<Name>Length Y</Name>
<Val>1.00000E-3</Val>
</SGL>
<SGL>
<Name>Length Z</Name>
<Val>1.00000E-3</Val>
</SGL>
</Cluster>
</Object>
<U32>
<Name>Sampling Rate</Name>
<Val>100</Val>
</U32>
<SGL>
<Name>Noise</Name>
<Val>0.00000</Val>
</SGL>
<SGL>
<Name>Resolution</Name>
<Val>0.00000</Val>
</SGL>
<EW>
<Name>Attached to Servo</Name>
<Choice>Fixed</Choice>
<Choice>Up Rotate</Choice>
<Choice>Down Rotate</Choice>
<Val>0</Val>
</EW>
<Refnum>
<Name>LVODE Refnum</Name>
<RefKind>Generic</RefKind>
<RefType>LVODE</RefType>
<Val>0x00000000</Val>
</Refnum>
</Cluster>
<Cluster>
<Name>ODESimulator_Distance.lvclass</Name>
<NumElts>2</NumElts>
<SGL>
<Name>Low Range</Name>
<Val>0.00000</Val>
</SGL>
<SGL>
<Name>High Range</Name>
<Val>4.00000</Val>
</SGL>
</Cluster>
</Object>
<Object>
<Name>NI_Robotics_Simulator.lvlib:ODESimulator_Base_Sensor.lvclass</Name>
<NumLevels>2</NumLevels>
<Class>NI_Robotics_Simulator.lvlib:ODESimulator_Distance.lvclass</Class>
<Version>1.0.0.1</Version>
<Version>1.0.0.5</Version>
<Cluster>
<Name>ODESimulator_Base_Sensor.lvclass</Name>
<NumElts>10</NumElts>
<String>
<Name>ID</Name>
<Val>Cliff Sensor 3</Val>
</String>
<String>
<Name>Type</Name>
<Val></Val>
</String>
<String>
<Name>Owner ID</Name>
<Val>iRobot Create_R0</Val>
</String>
<String>
<Name>Servo ID</Name>
<Val></Val>
</String>
<Object>
<Name>Base Prop</Name>
<NumLevels>2</NumLevels>
<Class>NI_Robotics_Simulator.lvlib:3D_Physics_Box.lvclass</Class>
<Version>1.0.0.0</Version>
<Version>1.0.0.0</Version>
<Cluster>
<Name>3D_Physics_Base.lvclass</Name>
<NumElts>13</NumElts>
<String>
<Name>ID</Name>
<Val>Cliff Sensor 3</Val>
</String>
<Cluster>
<Name>Position</Name>
<NumElts>3</NumElts>
<SGL>
<Name>X</Name>
<Val>0.14000</Val>
</SGL>
<SGL>
<Name>Y</Name>
<Val>7.00000E-2</Val>
</SGL>
<SGL>
<Name>Z</Name>
<Val>-4.00000E-2</Val>
</SGL>
</Cluster>
<Cluster>
<Name>Rotation</Name>
<NumElts>2</NumElts>
<Cluster>
<Name>Axis</Name>
<NumElts>3</NumElts>
<SGL>
<Name>X</Name>
<Val>1.00000</Val>
</SGL>
<SGL>
<Name>Y</Name>
<Val>0.00000</Val>
</SGL>
<SGL>
<Name>Z</Name>
<Val>0.00000</Val>
</SGL>
</Cluster>
<SGL>
<Name>Angle</Name>
<Val>-1.57080</Val>
</SGL>
</Cluster>
<SGL>
<Name>Mass</Name>
<Val>0.10000</Val>
</SGL>
<U16>
<Name>Material</Name>
<Val>0</Val>
</U16>
<Cluster>
<Name>Color</Name>
<NumElts>4</NumElts>
<SGL>
<Name>Red</Name>
<Val>1.00000</Val>
</SGL>
<SGL>
<Name>Green</Name>
<Val>1.00000</Val>
</SGL>
<SGL>
<Name>Blue</Name>
<Val>1.00000</Val>
</SGL>
<SGL>
<Name>Alpha</Name>
<Val>1.00000</Val>
</SGL>
</Cluster>
<Path>
<Name>Model File (.ive)</Name>
<Val></Val>
</Path>
<Path>
<Name>Model File (.stl)</Name>
<Val></Val>
</Path>
<Path>
<Name>Texture File (.png)</Name>
<Val></Val>
</Path>
<Boolean>
<Name>Kinematic</Name>
<Val>0</Val>
</Boolean>
<Boolean>
<Name>Visible</Name>
<Val>1</Val>
</Boolean>
<Refnum>
<Name>3D Object</Name>
<RefKind>LV Object</RefKind>
<RefType>Scene</RefType>
<Val>0x80C00011</Val>
</Refnum>
<Refnum>
<Name>ODE Geometry</Name>
<RefKind>Generic</RefKind>
<RefType>LVODE</RefType>
<Val>0x00000000</Val>
</Refnum>
</Cluster>
<Cluster>
<Name>3D_Physics_Box.lvclass</Name>
<NumElts>3</NumElts>
<SGL>
<Name>Length X</Name>
<Val>1.00000E-3</Val>
</SGL>
<SGL>
<Name>Length Y</Name>
<Val>1.00000E-3</Val>
</SGL>
<SGL>
<Name>Length Z</Name>
<Val>1.00000E-3</Val>
</SGL>
</Cluster>
</Object>
<U32>
<Name>Sampling Rate</Name>
<Val>100</Val>
</U32>
<SGL>
<Name>Noise</Name>
<Val>0.00000</Val>
</SGL>
<SGL>
<Name>Resolution</Name>
<Val>0.00000</Val>
</SGL>
<EW>
<Name>Attached to Servo</Name>
<Choice>Fixed</Choice>
<Choice>Up Rotate</Choice>
<Choice>Down Rotate</Choice>
<Val>0</Val>
</EW>
<Refnum>
<Name>LVODE Refnum</Name>
<RefKind>Generic</RefKind>
<RefType>LVODE</RefType>
<Val>0x00000000</Val>
</Refnum>
</Cluster>
<Cluster>
<Name>ODESimulator_Distance.lvclass</Name>
<NumElts>2</NumElts>
<SGL>
<Name>Low Range</Name>
<Val>0.00000</Val>
</SGL>
<SGL>
<Name>High Range</Name>
<Val>4.00000</Val>
</SGL>
</Cluster>
</Object>
<Object>
<Name>NI_Robotics_Simulator.lvlib:ODESimulator_Base_Sensor.lvclass</Name>
<NumLevels>2</NumLevels>
<Class>NI_Robotics_Simulator.lvlib:ODESimulator_Bumper.lvclass</Class>
<Version>1.0.0.1</Version>
<Version>1.0.0.5</Version>
<Cluster>
<Name>ODESimulator_Base_Sensor.lvclass</Name>
<NumElts>10</NumElts>
<String>
<Name>ID</Name>
<Val>Bumper 0</Val>
</String>
<String>
<Name>Type</Name>
<Val></Val>
</String>
<String>
<Name>Owner ID</Name>
<Val>iRobot Create_R0</Val>
</String>
<String>
<Name>Servo ID</Name>
<Val></Val>
</String>
<Object>
<Name>Base Prop</Name>
<NumLevels>2</NumLevels>
<Class>NI_Robotics_Simulator.lvlib:3D_Physics_Cylinder.lvclass</Class>
<Version>1.0.0.0</Version>
<Version>1.0.0.0</Version>
<Cluster>
<Name>3D_Physics_Base.lvclass</Name>
<NumElts>13</NumElts>
<String>
<Name>ID</Name>
<Val>Bumper 0</Val>
</String>
<Cluster>
<Name>Position</Name>
<NumElts>3</NumElts>
<SGL>
<Name>X</Name>
<Val>-5.00000E-3</Val>
</SGL>
<SGL>
<Name>Y</Name>
<Val>6.00000E-3</Val>
</SGL>
<SGL>
<Name>Z</Name>
<Val>2.50000E-2</Val>
</SGL>
</Cluster>
<Cluster>
<Name>Rotation</Name>
<NumElts>2</NumElts>
<Cluster>
<Name>Axis</Name>
<NumElts>3</NumElts>
<SGL>
<Name>X</Name>
<Val>0.00000</Val>
</SGL>
<SGL>
<Name>Y</Name>
<Val>0.00000</Val>
</SGL>
<SGL>
<Name>Z</Name>
<Val>1.00000</Val>
</SGL>
</Cluster>
<SGL>
<Name>Angle</Name>
<Val>0.00000</Val>
</SGL>
</Cluster>
<SGL>
<Name>Mass</Name>
<Val>0.16100</Val>
</SGL>
<U16>
<Name>Material</Name>
<Val>0</Val>
</U16>
<Cluster>
<Name>Color</Name>
<NumElts>4</NumElts>
<SGL>
<Name>Red</Name>
<Val>1.00000</Val>
</SGL>
<SGL>
<Name>Green</Name>
<Val>1.00000</Val>
</SGL>
<SGL>
<Name>Blue</Name>
<Val>1.00000</Val>
</SGL>
<SGL>
<Name>Alpha</Name>
<Val>1.00000</Val>
</SGL>
</Cluster>
<Path>
<Name>Model File (.ive)</Name>
<Val></Val>
</Path>
<Path>
<Name>Model File (.stl)</Name>
<Val></Val>
</Path>
<Path>
<Name>Texture File (.png)</Name>
<Val></Val>
</Path>
<Boolean>
<Name>Kinematic</Name>
<Val>0</Val>
</Boolean>
<Boolean>
<Name>Visible</Name>
<Val>0</Val>
</Boolean>
<Refnum>
<Name>3D Object</Name>
<RefKind>LV Object</RefKind>
<RefType>Scene</RefType>
<Val>0x81300001</Val>
</Refnum>
<Refnum>
<Name>ODE Geometry</Name>
<RefKind>Generic</RefKind>
<RefType>LVODE</RefType>
<Val>0x00000000</Val>
</Refnum>
</Cluster>
<Cluster>
<Name>3D_Physics_Cylinder.lvclass</Name>
<NumElts>2</NumElts>
<SGL>
<Name>Height</Name>
<Val>3.00000E-3</Val>
</SGL>
<SGL>
<Name>Radius</Name>
<Val>0.16100</Val>
</SGL>
</Cluster>
</Object>
<U32>
<Name>Sampling Rate</Name>
<Val>100</Val>
</U32>
<SGL>
<Name>Noise</Name>
<Val>0.00000</Val>
</SGL>
<SGL>
<Name>Resolution</Name>
<Val>0.00000</Val>
</SGL>
<EW>
<Name>Attached to Servo</Name>
<Choice>Fixed</Choice>
<Choice>Up Rotate</Choice>
<Choice>Down Rotate</Choice>
<Val>0</Val>
</EW>
<Refnum>
<Name>LVODE Refnum</Name>
<RefKind>Generic</RefKind>
<RefType>LVODE</RefType>
<Val>0x00000000</Val>
</Refnum>
</Cluster>
<Cluster>
</Cluster>
</Object>
<Object>
<Name>NI_Robotics_Simulator.lvlib:ODESimulator_Base_Sensor.lvclass</Name>
<NumLevels>2</NumLevels>
<Class>NI_Robotics_Simulator.lvlib:ODESimulator_Bumper.lvclass</Class>
<Version>1.0.0.1</Version>
<Version>1.0.0.5</Version>
<Cluster>
<Name>ODESimulator_Base_Sensor.lvclass</Name>
<NumElts>10</NumElts>
<String>
<Name>ID</Name>
<Val>Bumper 1</Val>
</String>
<String>
<Name>Type</Name>
<Val></Val>
</String>
<String>
<Name>Owner ID</Name>
<Val>iRobot Create_R0</Val>
</String>
<String>
<Name>Servo ID</Name>
<Val></Val>
</String>
<Object>
<Name>Base Prop</Name>
<NumLevels>2</NumLevels>
<Class>NI_Robotics_Simulator.lvlib:3D_Physics_Cylinder.lvclass</Class>
<Version>1.0.0.0</Version>
<Version>1.0.0.0</Version>
<Cluster>
<Name>3D_Physics_Base.lvclass</Name>
<NumElts>13</NumElts>
<String>
<Name>ID</Name>
<Val>Bumper 1</Val>
</String>
<Cluster>
<Name>Position</Name>
<NumElts>3</NumElts>
<SGL>
<Name>X</Name>
<Val>5.00000E-3</Val>
</SGL>
<SGL>
<Name>Y</Name>
<Val>6.00000E-3</Val>
</SGL>
<SGL>
<Name>Z</Name>
<Val>3.50000E-2</Val>
</SGL>
</Cluster>
<Cluster>
<Name>Rotation</Name>
<NumElts>2</NumElts>
<Cluster>
<Name>Axis</Name>
<NumElts>3</NumElts>
<SGL>
<Name>X</Name>
<Val>0.00000</Val>
</SGL>
<SGL>
<Name>Y</Name>
<Val>0.00000</Val>
</SGL>
<SGL>
<Name>Z</Name>
<Val>1.00000</Val>
</SGL>
</Cluster>
<SGL>
<Name>Angle</Name>
<Val>0.00000</Val>
</SGL>
</Cluster>
<SGL>
<Name>Mass</Name>
<Val>0.16100</Val>
</SGL>
<U16>
<Name>Material</Name>
<Val>0</Val>
</U16>
<Cluster>
<Name>Color</Name>
<NumElts>4</NumElts>
<SGL>
<Name>Red</Name>
<Val>1.00000</Val>
</SGL>
<SGL>
<Name>Green</Name>
<Val>1.00000</Val>
</SGL>
<SGL>
<Name>Blue</Name>
<Val>1.00000</Val>
</SGL>
<SGL>
<Name>Alpha</Name>
<Val>1.00000</Val>
</SGL>
</Cluster>
<Path>
<Name>Model File (.ive)</Name>
<Val></Val>
</Path>
<Path>
<Name>Model File (.stl)</Name>
<Val></Val>
</Path>
<Path>
<Name>Texture File (.png)</Name>
<Val></Val>
</Path>
<Boolean>
<Name>Kinematic</Name>
<Val>0</Val>
</Boolean>
<Boolean>
<Name>Visible</Name>
<Val>0</Val>
</Boolean>
<Refnum>
<Name>3D Object</Name>
<RefKind>LV Object</RefKind>
<RefType>Scene</RefType>
<Val>0x81900017</Val>
</Refnum>
<Refnum>
<Name>ODE Geometry</Name>
<RefKind>Generic</RefKind>
<RefType>LVODE</RefType>
<Val>0x00000000</Val>
</Refnum>
</Cluster>
<Cluster>
<Name>3D_Physics_Cylinder.lvclass</Name>
<NumElts>2</NumElts>
<SGL>
<Name>Height</Name>
<Val>3.00000E-3</Val>
</SGL>
<SGL>
<Name>Radius</Name>
<Val>0.16100</Val>
</SGL>
</Cluster>
</Object>
<U32>
<Name>Sampling Rate</Name>
<Val>100</Val>
</U32>
<SGL>
<Name>Noise</Name>
<Val>0.00000</Val>
</SGL>
<SGL>
<Name>Resolution</Name>
<Val>0.00000</Val>
</SGL>
<EW>
<Name>Attached to Servo</Name>
<Choice>Fixed</Choice>
<Choice>Up Rotate</Choice>
<Choice>Down Rotate</Choice>
<Val>0</Val>
</EW>
<Refnum>
<Name>LVODE Refnum</Name>
<RefKind>Generic</RefKind>
<RefType>LVODE</RefType>
<Val>0x00000000</Val>
</Refnum>
</Cluster>
<Cluster>
</Cluster>
</Object>
<Object>
<Name>NI_Robotics_Simulator.lvlib:ODESimulator_Base_Sensor.lvclass</Name>
<NumLevels>2</NumLevels>
<Class>NI_Robotics_Simulator.lvlib:ODESimulator_Bumper.lvclass</Class>
<Version>1.0.0.1</Version>
<Version>1.0.0.5</Version>
<Cluster>
<Name>ODESimulator_Base_Sensor.lvclass</Name>
<NumElts>10</NumElts>
<String>
<Name>ID</Name>
<Val>Bumper 2</Val>
</String>
<String>
<Name>Type</Name>
<Val></Val>
</String>
<String>
<Name>Owner ID</Name>
<Val>iRobot Create_R0</Val>
</String>
<String>
<Name>Servo ID</Name>
<Val></Val>
</String>
<Object>
<Name>Base Prop</Name>
<NumLevels>2</NumLevels>
<Class>NI_Robotics_Simulator.lvlib:3D_Physics_Cylinder.lvclass</Class>
<Version>1.0.0.0</Version>
<Version>1.0.0.0</Version>
<Cluster>
<Name>3D_Physics_Base.lvclass</Name>
<NumElts>13</NumElts>
<String>
<Name>ID</Name>
<Val>Bumper 2</Val>
</String>
<Cluster>
<Name>Position</Name>
<NumElts>3</NumElts>
<SGL>
<Name>X</Name>
<Val>0.14000</Val>
</SGL>
<SGL>
<Name>Y</Name>
<Val>0.00000</Val>
</SGL>
<SGL>
<Name>Z</Name>
<Val>-6.05000E-2</Val>
</SGL>
</Cluster>
<Cluster>
<Name>Rotation</Name>
<NumElts>2</NumElts>
<Cluster>
<Name>Axis</Name>
<NumElts>3</NumElts>
<SGL>
<Name>X</Name>
<Val>0.00000</Val>
</SGL>
<SGL>
<Name>Y</Name>
<Val>0.00000</Val>
</SGL>
<SGL>
<Name>Z</Name>
<Val>1.00000</Val>
</SGL>
</Cluster>
<SGL>
<Name>Angle</Name>
<Val>0.00000</Val>
</SGL>
</Cluster>
<SGL>
<Name>Mass</Name>
<Val>2.00000E-3</Val>
</SGL>
<U16>
<Name>Material</Name>
<Val>0</Val>
</U16>
<Cluster>
<Name>Color</Name>
<NumElts>4</NumElts>
<SGL>
<Name>Red</Name>
<Val>1.00000</Val>
</SGL>
<SGL>
<Name>Green</Name>
<Val>1.00000</Val>
</SGL>
<SGL>
<Name>Blue</Name>
<Val>1.00000</Val>
</SGL>
<SGL>
<Name>Alpha</Name>
<Val>1.00000</Val>
</SGL>
</Cluster>
<Path>
<Name>Model File (.ive)</Name>
<Val></Val>
</Path>
<Path>
<Name>Model File (.stl)</Name>
<Val></Val>
</Path>
<Path>
<Name>Texture File (.png)</Name>
<Val></Val>
</Path>
<Boolean>
<Name>Kinematic</Name>
<Val>0</Val>
</Boolean>
<Boolean>
<Name>Visible</Name>
<Val>0</Val>
</Boolean>
<Refnum>
<Name>3D Object</Name>
<RefKind>LV Object</RefKind>
<RefType>Scene</RefType>
<Val>0x81F00019</Val>
</Refnum>
<Refnum>
<Name>ODE Geometry</Name>
<RefKind>Generic</RefKind>
<RefType>LVODE</RefType>
<Val>0x00000000</Val>
</Refnum>
</Cluster>
<Cluster>
<Name>3D_Physics_Cylinder.lvclass</Name>
<NumElts>2</NumElts>
<SGL>
<Name>Height</Name>
<Val>3.00000E-3</Val>
</SGL>
<SGL>
<Name>Radius</Name>
<Val>2.00000E-3</Val>
</SGL>
</Cluster>
</Object>
<U32>
<Name>Sampling Rate</Name>
<Val>100</Val>
</U32>
<SGL>
<Name>Noise</Name>
<Val>0.00000</Val>
</SGL>
<SGL>
<Name>Resolution</Name>
<Val>0.00000</Val>
</SGL>
<EW>
<Name>Attached to Servo</Name>
<Choice>Fixed</Choice>
<Choice>Up Rotate</Choice>
<Choice>Down Rotate</Choice>
<Val>0</Val>
</EW>
<Refnum>
<Name>LVODE Refnum</Name>
<RefKind>Generic</RefKind>
<RefType>LVODE</RefType>
<Val>0x00000000</Val>
</Refnum>
</Cluster>
<Cluster>
</Cluster>
</Object>
<Object>
<Name>NI_Robotics_Simulator.lvlib:ODESimulator_Base_Sensor.lvclass</Name>
<NumLevels>2</NumLevels>
<Class>NI_Robotics_Simulator.lvlib:ODESimulator_Bumper.lvclass</Class>
<Version>1.0.0.1</Version>
<Version>1.0.0.5</Version>
<Cluster>
<Name>ODESimulator_Base_Sensor.lvclass</Name>
<NumElts>10</NumElts>
<String>
<Name>ID</Name>
<Val>Bumper 3</Val>
</String>
<String>
<Name>Type</Name>
<Val></Val>
</String>
<String>
<Name>Owner ID</Name>
<Val>iRobot Create_R0</Val>
</String>
<String>
<Name>Servo ID</Name>
<Val></Val>
</String>
<Object>
<Name>Base Prop</Name>
<NumLevels>2</NumLevels>
<Class>NI_Robotics_Simulator.lvlib:3D_Physics_Cylinder.lvclass</Class>
<Version>1.0.0.0</Version>
<Version>1.0.0.0</Version>
<Cluster>
<Name>3D_Physics_Base.lvclass</Name>
<NumElts>13</NumElts>
<String>
<Name>ID</Name>
<Val>Bumper 3</Val>
</String>
<Cluster>
<Name>Position</Name>
<NumElts>3</NumElts>
<SGL>
<Name>X</Name>
<Val>-0.14000</Val>
</SGL>
<SGL>
<Name>Y</Name>
<Val>0.00000</Val>
</SGL>
<SGL>
<Name>Z</Name>
<Val>-6.05000E-2</Val>
</SGL>
</Cluster>
<Cluster>
<Name>Rotation</Name>
<NumElts>2</NumElts>
<Cluster>
<Name>Axis</Name>
<NumElts>3</NumElts>
<SGL>
<Name>X</Name>
<Val>0.00000</Val>
</SGL>
<SGL>
<Name>Y</Name>
<Val>0.00000</Val>
</SGL>
<SGL>
<Name>Z</Name>
<Val>1.00000</Val>
</SGL>
</Cluster>
<SGL>
<Name>Angle</Name>
<Val>0.00000</Val>
</SGL>
</Cluster>
<SGL>
<Name>Mass</Name>
<Val>2.00000E-3</Val>
</SGL>
<U16>
<Name>Material</Name>
<Val>0</Val>
</U16>
<Cluster>
<Name>Color</Name>
<NumElts>4</NumElts>
<SGL>
<Name>Red</Name>
<Val>1.00000</Val>
</SGL>
<SGL>
<Name>Green</Name>
<Val>1.00000</Val>
</SGL>
<SGL>
<Name>Blue</Name>
<Val>1.00000</Val>
</SGL>
<SGL>
<Name>Alpha</Name>
<Val>1.00000</Val>
</SGL>
</Cluster>
<Path>
<Name>Model File (.ive)</Name>
<Val></Val>
</Path>
<Path>
<Name>Model File (.stl)</Name>
<Val></Val>
</Path>
<Path>
<Name>Texture File (.png)</Name>
<Val></Val>
</Path>
<Boolean>
<Name>Kinematic</Name>
<Val>0</Val>
</Boolean>
<Boolean>
<Name>Visible</Name>
<Val>0</Val>
</Boolean>
<Refnum>
<Name>3D Object</Name>
<RefKind>LV Object</RefKind>
<RefType>Scene</RefType>
<Val>0x8220001A</Val>
</Refnum>
<Refnum>
<Name>ODE Geometry</Name>
<RefKind>Generic</RefKind>
<RefType>LVODE</RefType>
<Val>0x00000000</Val>
</Refnum>
</Cluster>
<Cluster>
<Name>3D_Physics_Cylinder.lvclass</Name>
<NumElts>2</NumElts>
<SGL>
<Name>Height</Name>
<Val>3.00000E-3</Val>
</SGL>
<SGL>
<Name>Radius</Name>
<Val>2.00000E-3</Val>
</SGL>
</Cluster>
</Object>
<U32>
<Name>Sampling Rate</Name>
<Val>100</Val>
</U32>
<SGL>
<Name>Noise</Name>
<Val>0.00000</Val>
</SGL>
<SGL>
<Name>Resolution</Name>
<Val>0.00000</Val>
</SGL>
<EW>
<Name>Attached to Servo</Name>
<Choice>Fixed</Choice>
<Choice>Up Rotate</Choice>
<Choice>Down Rotate</Choice>
<Val>0</Val>
</EW>
<Refnum>
<Name>LVODE Refnum</Name>
<RefKind>Generic</RefKind>
<RefType>LVODE</RefType>
<Val>0x00000000</Val>
</Refnum>
</Cluster>
<Cluster>
</Cluster>
</Object>
<Object>
<Name>NI_Robotics_Simulator.lvlib:ODESimulator_Base_Sensor.lvclass</Name>
<NumLevels>2</NumLevels>
<Class>NI_Robotics_Simulator.lvlib:ODESimulator_Accelerometer.lvclass</Class>
<Version>1.0.0.1</Version>
<Version>1.0.0.5</Version>
<Cluster>
<Name>ODESimulator_Base_Sensor.lvclass</Name>
<NumElts>10</NumElts>
<String>
<Name>ID</Name>
<Val>Accelerometer</Val>
</String>
<String>
<Name>Type</Name>
<Val></Val>
</String>
<String>
<Name>Owner ID</Name>
<Val>iRobot Create_R0</Val>
</String>
<String>
<Name>Servo ID</Name>
<Val></Val>
</String>
<Object>
<Name>Base Prop</Name>
<NumLevels>2</NumLevels>
<Class>NI_Robotics_Simulator.lvlib:3D_Physics_Box.lvclass</Class>
<Version>1.0.0.0</Version>
<Version>1.0.0.0</Version>
<Cluster>
<Name>3D_Physics_Base.lvclass</Name>
<NumElts>13</NumElts>
<String>
<Name>ID</Name>
<Val>Accelerometer</Val>
</String>
<Cluster>
<Name>Position</Name>
<NumElts>3</NumElts>
<SGL>
<Name>X</Name>
<Val>0.00000</Val>
</SGL>
<SGL>
<Name>Y</Name>
<Val>0.00000</Val>
</SGL>
<SGL>
<Name>Z</Name>
<Val>0.00000</Val>
</SGL>
</Cluster>
<Cluster>
<Name>Rotation</Name>
<NumElts>2</NumElts>
<Cluster>
<Name>Axis</Name>
<NumElts>3</NumElts>
<SGL>
<Name>X</Name>
<Val>0.00000</Val>
</SGL>
<SGL>
<Name>Y</Name>
<Val>0.00000</Val>
</SGL>
<SGL>
<Name>Z</Name>
<Val>1.00000</Val>
</SGL>
</Cluster>
<SGL>
<Name>Angle</Name>
<Val>0.00000</Val>
</SGL>
</Cluster>
<SGL>
<Name>Mass</Name>
<Val>1.00000E-3</Val>
</SGL>
<U16>
<Name>Material</Name>
<Val>0</Val>
</U16>
<Cluster>
<Name>Color</Name>
<NumElts>4</NumElts>
<SGL>
<Name>Red</Name>
<Val>1.00000</Val>
</SGL>
<SGL>
<Name>Green</Name>
<Val>1.00000</Val>
</SGL>
<SGL>
<Name>Blue</Name>
<Val>1.00000</Val>
</SGL>
<SGL>
<Name>Alpha</Name>
<Val>1.00000</Val>
</SGL>
</Cluster>
<Path>
<Name>Model File (.ive)</Name>
<Val></Val>
</Path>
<Path>
<Name>Model File (.stl)</Name>
<Val></Val>
</Path>
<Path>
<Name>Texture File (.png)</Name>
<Val></Val>
</Path>
<Boolean>
<Name>Kinematic</Name>
<Val>0</Val>
</Boolean>
<Boolean>
<Name>Visible</Name>
<Val>1</Val>
</Boolean>
<Refnum>
<Name>3D Object</Name>
<RefKind>LV Object</RefKind>
<RefType>Scene</RefType>
<Val>0x8250001B</Val>
</Refnum>
<Refnum>
<Name>ODE Geometry</Name>
<RefKind>Generic</RefKind>
<RefType>LVODE</RefType>
<Val>0x00000000</Val>
</Refnum>
</Cluster>
<Cluster>
<Name>3D_Physics_Box.lvclass</Name>
<NumElts>3</NumElts>
<SGL>
<Name>Length X</Name>
<Val>1.00000E-3</Val>
</SGL>
<SGL>
<Name>Length Y</Name>
<Val>1.00000E-3</Val>
</SGL>
<SGL>
<Name>Length Z</Name>
<Val>1.00000E-3</Val>
</SGL>
</Cluster>
</Object>
<U32>
<Name>Sampling Rate</Name>
<Val>100</Val>
</U32>
<SGL>
<Name>Noise</Name>
<Val>0.00000</Val>
</SGL>
<SGL>
<Name>Resolution</Name>
<Val>0.00000</Val>
</SGL>
<EW>
<Name>Attached to Servo</Name>
<Choice>Fixed</Choice>
<Choice>Up Rotate</Choice>
<Choice>Down Rotate</Choice>
<Val>0</Val>
</EW>
<Refnum>
<Name>LVODE Refnum</Name>
<RefKind>Generic</RefKind>
<RefType>LVODE</RefType>
<Val>0x00000000</Val>
</Refnum>
</Cluster>
<Cluster>
</Cluster>
</Object>
<Object>
<Name>NI_Robotics_Simulator.lvlib:ODESimulator_Base_Sensor.lvclass</Name>
<NumLevels>2</NumLevels>
<Class>NI_Robotics_Simulator.lvlib:ODESimulator_Distance.lvclass</Class>
<Version>1.0.0.1</Version>
<Version>1.0.0.5</Version>
<Cluster>
<Name>ODESimulator_Base_Sensor.lvclass</Name>
<NumElts>10</NumElts>
<String>
<Name>ID</Name>
<Val>Wall Sensor </Val>
</String>
<String>
<Name>Type</Name>
<Val></Val>
</String>
<String>
<Name>Owner ID</Name>
<Val>iRobot Create_R0</Val>
</String>
<String>
<Name>Servo ID</Name>
<Val></Val>
</String>
<Object>
<Name>Base Prop</Name>
<NumLevels>2</NumLevels>
<Class>NI_Robotics_Simulator.lvlib:3D_Physics_Box.lvclass</Class>
<Version>1.0.0.0</Version>
<Version>1.0.0.0</Version>
<Cluster>
<Name>3D_Physics_Base.lvclass</Name>
<NumElts>13</NumElts>
<String>
<Name>ID</Name>
<Val>Wall Sensor </Val>
</String>
<Cluster>
<Name>Position</Name>
<NumElts>3</NumElts>
<SGL>
<Name>X</Name>
<Val>-4.00000E-2</Val>
</SGL>
<SGL>
<Name>Y</Name>
<Val>0.00000</Val>
</SGL>
<SGL>
<Name>Z</Name>
<Val>1.00000E-2</Val>
</SGL>
</Cluster>
<Cluster>
<Name>Rotation</Name>
<NumElts>2</NumElts>
<Cluster>
<Name>Axis</Name>
<NumElts>3</NumElts>
<SGL>
<Name>X</Name>
<Val>0.00000</Val>
</SGL>
<SGL>
<Name>Y</Name>
<Val>0.00000</Val>
</SGL>
<SGL>
<Name>Z</Name>
<Val>1.00000</Val>
</SGL>
</Cluster>
<SGL>
<Name>Angle</Name>
<Val>-0.78540</Val>
</SGL>
</Cluster>
<SGL>
<Name>Mass</Name>
<Val>0.10000</Val>
</SGL>
<U16>
<Name>Material</Name>
<Val>0</Val>
</U16>
<Cluster>
<Name>Color</Name>
<NumElts>4</NumElts>
<SGL>
<Name>Red</Name>
<Val>1.00000</Val>
</SGL>
<SGL>
<Name>Green</Name>
<Val>1.00000</Val>
</SGL>
<SGL>
<Name>Blue</Name>
<Val>1.00000</Val>
</SGL>
<SGL>
<Name>Alpha</Name>
<Val>1.00000</Val>
</SGL>
</Cluster>
<Path>
<Name>Model File (.ive)</Name>
<Val></Val>
</Path>
<Path>
<Name>Model File (.stl)</Name>
<Val></Val>
</Path>
<Path>
<Name>Texture File (.png)</Name>
<Val></Val>
</Path>
<Boolean>
<Name>Kinematic</Name>
<Val>0</Val>
</Boolean>
<Boolean>
<Name>Visible</Name>
<Val>1</Val>
</Boolean>
<Refnum>
<Name>3D Object</Name>
<RefKind>LV Object</RefKind>
<RefType>Scene</RefType>
<Val>0x82800000</Val>
</Refnum>
<Refnum>
<Name>ODE Geometry</Name>
<RefKind>Generic</RefKind>
<RefType>LVODE</RefType>
<Val>0x00000000</Val>
</Refnum>
</Cluster>
<Cluster>
<Name>3D_Physics_Box.lvclass</Name>
<NumElts>3</NumElts>
<SGL>
<Name>Length X</Name>
<Val>1.00000E-3</Val>
</SGL>
<SGL>
<Name>Length Y</Name>
<Val>1.00000E-3</Val>
</SGL>
<SGL>
<Name>Length Z</Name>
<Val>1.00000E-3</Val>
</SGL>
</Cluster>
</Object>
<U32>
<Name>Sampling Rate</Name>
<Val>100</Val>
</U32>
<SGL>
<Name>Noise</Name>
<Val>0.00000</Val>
</SGL>
<SGL>
<Name>Resolution</Name>
<Val>0.00000</Val>
</SGL>
<EW>
<Name>Attached to Servo</Name>
<Choice>Fixed</Choice>
<Choice>Up Rotate</Choice>
<Choice>Down Rotate</Choice>
<Val>0</Val>
</EW>
<Refnum>
<Name>LVODE Refnum</Name>
<RefKind>Generic</RefKind>
<RefType>LVODE</RefType>
<Val>0x00000000</Val>
</Refnum>
</Cluster>
<Cluster>
<Name>ODESimulator_Distance.lvclass</Name>
<NumElts>2</NumElts>
<SGL>
<Name>Low Range</Name>
<Val>0.00000</Val>
</SGL>
<SGL>
<Name>High Range</Name>
<Val>4.00000</Val>
</SGL>
</Cluster>
</Object>
</Array>
<Array>
<Name>Components</Name>
<Dimsize>6</Dimsize>
<Object>
<Name>ODE Simulator.lvlib:Base.lvclass</Name>
<NumLevels>2</NumLevels>
<Class>NI_Robotics_Simulator.lvlib:3D_Physics_Cylinder.lvclass</Class>
<Version>1.0.0.0</Version>
<Version>1.0.0.0</Version>
<Cluster>
<Name>3D_Physics_Base.lvclass</Name>
<NumElts>13</NumElts>
<String>
<Name>ID</Name>
<Val>Body Frame</Val>
</String>
<Cluster>
<Name>Position</Name>
<NumElts>3</NumElts>
<SGL>
<Name>X</Name>
<Val>0.00000</Val>
</SGL>
<SGL>
<Name>Y</Name>
<Val>0.00000</Val>
</SGL>
<SGL>
<Name>Z</Name>
<Val>0.00000</Val>
</SGL>
</Cluster>
<Cluster>
<Name>Rotation</Name>
<NumElts>2</NumElts>
<Cluster>
<Name>Axis</Name>
<NumElts>3</NumElts>
<SGL>
<Name>X</Name>
<Val>0.00000</Val>
</SGL>
<SGL>
<Name>Y</Name>
<Val>0.00000</Val>
</SGL>
<SGL>
<Name>Z</Name>
<Val>1.00000</Val>
</SGL>
</Cluster>
<SGL>
<Name>Angle</Name>
<Val>0.00000</Val>
</SGL>
</Cluster>
<SGL>
<Name>Mass</Name>
<Val>2.00000</Val>
</SGL>
<U16>
<Name>Material</Name>
<Val>9</Val>
</U16>
<Cluster>
<Name>Color</Name>
<NumElts>4</NumElts>
<SGL>
<Name>Red</Name>
<Val>1.00000</Val>
</SGL>
<SGL>
<Name>Green</Name>
<Val>1.00000</Val>
</SGL>
<SGL>
<Name>Blue</Name>
<Val>1.00000</Val>
</SGL>
<SGL>
<Name>Alpha</Name>
<Val>1.00000</Val>
</SGL>
</Cluster>
<Path>
<Name>Model File (.ive)</Name>
<Val>robot\iRobot\iRobot Create\IVE\icreate_body.ive</Val>
</Path>
<Path>
<Name>Model File (.stl)</Name>
<Val></Val>
</Path>
<Path>
<Name>Texture File (.png)</Name>
<Val></Val>
</Path>
<Boolean>
<Name>Kinematic</Name>
<Val>0</Val>
</Boolean>
<Boolean>
<Name>Visible</Name>
<Val>1</Val>
</Boolean>
<Refnum>
<Name>3D Object</Name>
<RefKind>LV Object</RefKind>
<RefType>Scene</RefType>
<Val>0x7FE00006</Val>
</Refnum>
<Refnum>
<Name>ODE Geometry</Name>
<RefKind>Generic</RefKind>
<RefType>LVODE</RefType>
<Val>0x00000000</Val>
</Refnum>
</Cluster>
<Cluster>
<Name>3D_Physics_Cylinder.lvclass</Name>
<NumElts>2</NumElts>
<SGL>
<Name>Height</Name>
<Val>8.00000E-2</Val>
</SGL>
<SGL>
<Name>Radius</Name>
<Val>0.16500</Val>
</SGL>
</Cluster>
</Object>
<Object>
<Name>ODE Simulator.lvlib:Base.lvclass</Name>
<NumLevels>2</NumLevels>
<Class>NI_Robotics_Simulator.lvlib:3D_Physics_Cylinder.lvclass</Class>
<Version>1.0.0.0</Version>
<Version>1.0.0.0</Version>
<Cluster>
<Name>3D_Physics_Base.lvclass</Name>
<NumElts>13</NumElts>
<String>
<Name>ID</Name>
<Val>Wheel 1</Val>
</String>
<Cluster>
<Name>Position</Name>
<NumElts>3</NumElts>
<SGL>
<Name>X</Name>
<Val>-0.12000</Val>
</SGL>
<SGL>
<Name>Y</Name>
<Val>0.00000</Val>
</SGL>
<SGL>
<Name>Z</Name>
<Val>-3.00000E-2</Val>
</SGL>
</Cluster>
<Cluster>
<Name>Rotation</Name>
<NumElts>2</NumElts>
<Cluster>
<Name>Axis</Name>
<NumElts>3</NumElts>
<SGL>
<Name>X</Name>
<Val>0.00000</Val>
</SGL>
<SGL>
<Name>Y</Name>
<Val>1.00000</Val>
</SGL>
<SGL>
<Name>Z</Name>
<Val>0.00000</Val>
</SGL>
</Cluster>
<SGL>
<Name>Angle</Name>
<Val>-1.57080</Val>
</SGL>
</Cluster>
<SGL>
<Name>Mass</Name>
<Val>0.20000</Val>
</SGL>
<U16>
<Name>Material</Name>
<Val>9</Val>
</U16>
<Cluster>
<Name>Color</Name>
<NumElts>4</NumElts>
<SGL>
<Name>Red</Name>
<Val>1.00000</Val>
</SGL>
<SGL>
<Name>Green</Name>
<Val>1.00000</Val>
</SGL>
<SGL>
<Name>Blue</Name>
<Val>1.00000</Val>
</SGL>
<SGL>
<Name>Alpha</Name>
<Val>1.00000</Val>
</SGL>
</Cluster>
<Path>
<Name>Model File (.ive)</Name>
<Val>robot\iRobot\iRobot Create\IVE\side_wheel.ive</Val>
</Path>
<Path>
<Name>Model File (.stl)</Name>
<Val></Val>
</Path>
<Path>
<Name>Texture File (.png)</Name>
<Val></Val>
</Path>
<Boolean>
<Name>Kinematic</Name>
<Val>0</Val>
</Boolean>
<Boolean>
<Name>Visible</Name>
<Val>1</Val>
</Boolean>
<Refnum>
<Name>3D Object</Name>
<RefKind>LV Object</RefKind>
<RefType>Scene</RefType>
<Val>0x80400008</Val>
</Refnum>
<Refnum>
<Name>ODE Geometry</Name>
<RefKind>Generic</RefKind>
<RefType>LVODE</RefType>
<Val>0x00000000</Val>
</Refnum>
</Cluster>
<Cluster>
<Name>3D_Physics_Cylinder.lvclass</Name>
<NumElts>2</NumElts>
<SGL>
<Name>Height</Name>
<Val>2.50000E-2</Val>
</SGL>
<SGL>
<Name>Radius</Name>
<Val>3.17000E-2</Val>
</SGL>
</Cluster>
</Object>
<Object>
<Name>ODE Simulator.lvlib:Base.lvclass</Name>
<NumLevels>2</NumLevels>
<Class>NI_Robotics_Simulator.lvlib:3D_Physics_Cylinder.lvclass</Class>
<Version>1.0.0.0</Version>
<Version>1.0.0.0</Version>
<Cluster>
<Name>3D_Physics_Base.lvclass</Name>
<NumElts>13</NumElts>
<String>
<Name>ID</Name>
<Val>Wheel 2</Val>
</String>
<Cluster>
<Name>Position</Name>
<NumElts>3</NumElts>
<SGL>
<Name>X</Name>
<Val>0.12000</Val>
</SGL>
<SGL>
<Name>Y</Name>
<Val>0.00000</Val>
</SGL>
<SGL>
<Name>Z</Name>
<Val>-3.00000E-2</Val>
</SGL>
</Cluster>
<Cluster>
<Name>Rotation</Name>
<NumElts>2</NumElts>
<Cluster>
<Name>Axis</Name>
<NumElts>3</NumElts>
<SGL>
<Name>X</Name>
<Val>0.00000</Val>
</SGL>
<SGL>
<Name>Y</Name>
<Val>1.00000</Val>
</SGL>
<SGL>
<Name>Z</Name>
<Val>0.00000</Val>
</SGL>
</Cluster>
<SGL>
<Name>Angle</Name>
<Val>1.57080</Val>
</SGL>
</Cluster>
<SGL>
<Name>Mass</Name>
<Val>0.20000</Val>
</SGL>
<U16>
<Name>Material</Name>
<Val>9</Val>
</U16>
<Cluster>
<Name>Color</Name>
<NumElts>4</NumElts>
<SGL>
<Name>Red</Name>
<Val>1.00000</Val>
</SGL>
<SGL>
<Name>Green</Name>
<Val>1.00000</Val>
</SGL>
<SGL>
<Name>Blue</Name>
<Val>1.00000</Val>
</SGL>
<SGL>
<Name>Alpha</Name>
<Val>1.00000</Val>
</SGL>
</Cluster>
<Path>
<Name>Model File (.ive)</Name>
<Val>robot\iRobot\iRobot Create\IVE\side_wheel.ive</Val>
</Path>
<Path>
<Name>Model File (.stl)</Name>
<Val></Val>
</Path>
<Path>
<Name>Texture File (.png)</Name>
<Val></Val>
</Path>
<Boolean>
<Name>Kinematic</Name>
<Val>0</Val>
</Boolean>
<Boolean>
<Name>Visible</Name>
<Val>1</Val>
</Boolean>
<Refnum>
<Name>3D Object</Name>
<RefKind>LV Object</RefKind>
<RefType>Scene</RefType>
<Val>0x80A0000E</Val>
</Refnum>
<Refnum>
<Name>ODE Geometry</Name>
<RefKind>Generic</RefKind>
<RefType>LVODE</RefType>
<Val>0x00000000</Val>
</Refnum>
</Cluster>
<Cluster>
<Name>3D_Physics_Cylinder.lvclass</Name>
<NumElts>2</NumElts>
<SGL>
<Name>Height</Name>
<Val>2.50000E-2</Val>
</SGL>
<SGL>
<Name>Radius</Name>
<Val>3.17000E-2</Val>
</SGL>
</Cluster>
</Object>
<Object>
<Name>ODE Simulator.lvlib:Base.lvclass</Name>
<NumLevels>2</NumLevels>
<Class>NI_Robotics_Simulator.lvlib:3D_Physics_Sphere.lvclass</Class>
<Version>1.0.0.0</Version>
<Version>1.0.0.0</Version>
<Cluster>
<Name>3D_Physics_Base.lvclass</Name>
<NumElts>13</NumElts>
<String>
<Name>ID</Name>
<Val>Support</Val>
</String>
<Cluster>
<Name>Position</Name>
<NumElts>3</NumElts>
<SGL>
<Name>X</Name>
<Val>0.00000</Val>
</SGL>
<SGL>
<Name>Y</Name>
<Val>-0.12000</Val>
</SGL>
<SGL>
<Name>Z</Name>
<Val>-4.52000E-2</Val>
</SGL>
</Cluster>
<Cluster>
<Name>Rotation</Name>
<NumElts>2</NumElts>
<Cluster>
<Name>Axis</Name>
<NumElts>3</NumElts>
<SGL>
<Name>X</Name>
<Val>0.00000</Val>
</SGL>
<SGL>
<Name>Y</Name>
<Val>0.00000</Val>
</SGL>
<SGL>
<Name>Z</Name>
<Val>1.00000</Val>
</SGL>
</Cluster>
<SGL>
<Name>Angle</Name>
<Val>0.00000</Val>
</SGL>
</Cluster>
<SGL>
<Name>Mass</Name>
<Val>0.20000</Val>
</SGL>
<U16>
<Name>Material</Name>
<Val>0</Val>
</U16>
<Cluster>
<Name>Color</Name>
<NumElts>4</NumElts>
<SGL>
<Name>Red</Name>
<Val>1.00000</Val>
</SGL>
<SGL>
<Name>Green</Name>
<Val>1.00000</Val>
</SGL>
<SGL>
<Name>Blue</Name>
<Val>1.00000</Val>
</SGL>
<SGL>
<Name>Alpha</Name>
<Val>1.00000</Val>
</SGL>
</Cluster>
<Path>
<Name>Model File (.ive)</Name>
<Val>robot\iRobot\iRobot Create\IVE\front_wheel.ive</Val>
</Path>
<Path>
<Name>Model File (.stl)</Name>
<Val></Val>
</Path>
<Path>
<Name>Texture File (.png)</Name>
<Val></Val>
</Path>
<Boolean>
<Name>Kinematic</Name>
<Val>0</Val>
</Boolean>
<Boolean>
<Name>Visible</Name>
<Val>1</Val>
</Boolean>
<Refnum>
<Name>3D Object</Name>
<RefKind>LV Object</RefKind>
<RefType>Scene</RefType>
<Val>0x80F00003</Val>
</Refnum>
<Refnum>
<Name>ODE Geometry</Name>
<RefKind>Generic</RefKind>
<RefType>LVODE</RefType>
<Val>0x00000000</Val>
</Refnum>
</Cluster>
<Cluster>
<Name>3D_Physics_Sphere.lvclass</Name>
<NumElts>1</NumElts>
<SGL>
<Name>Radius</Name>
<Val>8.85000E-3</Val>
</SGL>
</Cluster>
</Object>
<Object>
<Name>ODE Simulator.lvlib:Base.lvclass</Name>
<NumLevels>2</NumLevels>
<Class>NI_Robotics_Simulator.lvlib:3D_Physics_Cylinder.lvclass</Class>
<Version>1.0.0.0</Version>
<Version>1.0.0.0</Version>
<Cluster>
<Name>3D_Physics_Base.lvclass</Name>
<NumElts>13</NumElts>
<String>
<Name>ID</Name>
<Val>Caster</Val>
</String>
<Cluster>
<Name>Position</Name>
<NumElts>3</NumElts>
<SGL>
<Name>X</Name>
<Val>0.00000</Val>
</SGL>
<SGL>
<Name>Y</Name>
<Val>0.12000</Val>
</SGL>
<SGL>
<Name>Z</Name>
<Val>-4.62000E-2</Val>
</SGL>
</Cluster>
<Cluster>
<Name>Rotation</Name>
<NumElts>2</NumElts>
<Cluster>
<Name>Axis</Name>
<NumElts>3</NumElts>
<SGL>
<Name>X</Name>
<Val>0.00000</Val>
</SGL>
<SGL>
<Name>Y</Name>
<Val>1.00000</Val>
</SGL>
<SGL>
<Name>Z</Name>
<Val>0.00000</Val>
</SGL>
</Cluster>
<SGL>
<Name>Angle</Name>
<Val>1.57000</Val>
</SGL>
</Cluster>
<SGL>
<Name>Mass</Name>
<Val>0.20000</Val>
</SGL>
<U16>
<Name>Material</Name>
<Val>9</Val>
</U16>
<Cluster>
<Name>Color</Name>
<NumElts>4</NumElts>
<SGL>
<Name>Red</Name>
<Val>1.00000</Val>
</SGL>
<SGL>
<Name>Green</Name>
<Val>1.00000</Val>
</SGL>
<SGL>
<Name>Blue</Name>
<Val>1.00000</Val>
</SGL>
<SGL>
<Name>Alpha</Name>
<Val>1.00000</Val>
</SGL>
</Cluster>
<Path>
<Name>Model File (.ive)</Name>
<Val>robot\iRobot\iRobot Create\IVE\rear_wheel.ive</Val>
</Path>
<Path>
<Name>Model File (.stl)</Name>
<Val></Val>
</Path>
<Path>
<Name>Texture File (.png)</Name>
<Val></Val>
</Path>
<Boolean>
<Name>Kinematic</Name>
<Val>0</Val>
</Boolean>
<Boolean>
<Name>Visible</Name>
<Val>1</Val>
</Boolean>
<Refnum>
<Name>3D Object</Name>
<RefKind>LV Object</RefKind>
<RefType>Scene</RefType>
<Val>0x81500013</Val>
</Refnum>
<Refnum>
<Name>ODE Geometry</Name>
<RefKind>Generic</RefKind>
<RefType>LVODE</RefType>
<Val>0x00000000</Val>
</Refnum>
</Cluster>
<Cluster>
<Name>3D_Physics_Cylinder.lvclass</Name>
<NumElts>2</NumElts>
<SGL>
<Name>Height</Name>
<Val>1.00000E-2</Val>
</SGL>
<SGL>
<Name>Radius</Name>
<Val>1.16000E-2</Val>
</SGL>
</Cluster>
</Object>
<Object>
<Name>ODE Simulator.lvlib:Base.lvclass</Name>
<NumLevels>2</NumLevels>
<Class>NI_Robotics_Simulator.lvlib:3D_Physics_Cylinder.lvclass</Class>
<Version>1.0.0.0</Version>
<Version>1.0.0.0</Version>
<Cluster>
<Name>3D_Physics_Base.lvclass</Name>
<NumElts>13</NumElts>
<String>
<Name>ID</Name>
<Val>Caster Axis</Val>
</String>
<Cluster>
<Name>Position</Name>
<NumElts>3</NumElts>
<SGL>
<Name>X</Name>
<Val>0.00000</Val>
</SGL>
<SGL>
<Name>Y</Name>
<Val>0.10000</Val>
</SGL>
<SGL>
<Name>Z</Name>
<Val>0.00000</Val>
</SGL>
</Cluster>
<Cluster>
<Name>Rotation</Name>
<NumElts>2</NumElts>
<Cluster>
<Name>Axis</Name>
<NumElts>3</NumElts>
<SGL>
<Name>X</Name>
<Val>0.00000</Val>
</SGL>
<SGL>
<Name>Y</Name>
<Val>0.00000</Val>
</SGL>
<SGL>
<Name>Z</Name>
<Val>1.00000</Val>
</SGL>
</Cluster>
<SGL>
<Name>Angle</Name>
<Val>0.00000</Val>
</SGL>
</Cluster>
<SGL>
<Name>Mass</Name>
<Val>0.20000</Val>
</SGL>
<U16>
<Name>Material</Name>
<Val>9</Val>
</U16>
<Cluster>
<Name>Color</Name>
<NumElts>4</NumElts>
<SGL>
<Name>Red</Name>
<Val>1.00000</Val>
</SGL>
<SGL>
<Name>Green</Name>
<Val>1.00000</Val>
</SGL>
<SGL>
<Name>Blue</Name>
<Val>1.00000</Val>
</SGL>
<SGL>
<Name>Alpha</Name>
<Val>1.00000</Val>
</SGL>
</Cluster>
<Path>
<Name>Model File (.ive)</Name>
<Val></Val>
</Path>
<Path>
<Name>Model File (.stl)</Name>
<Val></Val>
</Path>
<Path>
<Name>Texture File (.png)</Name>
<Val></Val>
</Path>
<Boolean>
<Name>Kinematic</Name>
<Val>0</Val>
</Boolean>
<Boolean>
<Name>Visible</Name>
<Val>1</Val>
</Boolean>
<Refnum>
<Name>3D Object</Name>
<RefKind>LV Object</RefKind>
<RefType>Scene</RefType>
<Val>0x81C00018</Val>
</Refnum>
<Refnum>
<Name>ODE Geometry</Name>
<RefKind>Generic</RefKind>
<RefType>LVODE</RefType>
<Val>0x00000000</Val>
</Refnum>
</Cluster>
<Cluster>
<Name>3D_Physics_Cylinder.lvclass</Name>
<NumElts>2</NumElts>
<SGL>
<Name>Height</Name>
<Val>1.00000E-2</Val>
</SGL>
<SGL>
<Name>Radius</Name>
<Val>1.00000E-3</Val>
</SGL>
</Cluster>
</Object>
</Array>
<Array>
<Name>Motors</Name>
<Dimsize>2</Dimsize>
<Object>
<Name>ODE Simulator.lvlib:Motor.lvclass</Name>
<NumLevels>1</NumLevels>
<Class>NI_Robotics_Simulator.lvlib:ODESimulator_Motor.lvclass</Class>
<Version>1.0.0.0</Version>
<Cluster>
<Name>ODESimulator_Motor.lvclass</Name>
<NumElts>2</NumElts>
<String>
<Name>ID</Name>
<Val>Left Motor</Val>
</String>
<Array>
<Name>Joints</Name>
<Dimsize>0</Dimsize>
<Cluster>
<Name>Rate Joint</Name>
<NumElts>2</NumElts>
<DBL>
<Name>Rate</Name>
<Val></Val>
</DBL>
<Refnum>
<Name>LVODE Joint</Name>
<RefKind>Generic</RefKind>
<RefType>LVODE</RefType>
<Val></Val>
</Refnum>
</Cluster>
</Array>
</Cluster>
</Object>
<Object>
<Name>ODE Simulator.lvlib:Motor.lvclass</Name>
<NumLevels>1</NumLevels>
<Class>NI_Robotics_Simulator.lvlib:ODESimulator_Motor.lvclass</Class>
<Version>1.0.0.0</Version>
<Cluster>
<Name>ODESimulator_Motor.lvclass</Name>
<NumElts>2</NumElts>
<String>
<Name>ID</Name>
<Val>Right Motor</Val>
</String>
<Array>
<Name>Joints</Name>
<Dimsize>0</Dimsize>
<Cluster>
<Name>Rate Joint</Name>
<NumElts>2</NumElts>
<DBL>
<Name>Rate</Name>
<Val></Val>
</DBL>
<Refnum>
<Name>LVODE Joint</Name>
<RefKind>Generic</RefKind>
<RefType>LVODE</RefType>
<Val></Val>
</Refnum>
</Cluster>
</Array>
</Cluster>
</Object>
</Array>
<Refnum>
<Name>3D Object</Name>
<RefKind>LV Object</RefKind>
<RefType>Scene</RefType>
<Val>0x7F900009</Val>
</Refnum>
<Refnum>
<Name>Body</Name>
<RefKind>Generic</RefKind>
<RefType>LVODE</RefType>
<Val>0x00000000</Val>
</Refnum>
</Cluster>
<Cluster>
</Cluster>
</Object>
</Array>
<Array>
<Name>Obstacles</Name>
<Dimsize>2</Dimsize>
<Object>
<Name>Base.lvclass</Name>
<NumLevels>2</NumLevels>
<Class>NI_Robotics_Simulator.lvlib:3D_Physics_Box.lvclass</Class>
<Version>1.0.0.0</Version>
<Version>1.0.0.0</Version>
<Cluster>
<Name>3D_Physics_Base.lvclass</Name>
<NumElts>13</NumElts>
<String>
<Name>ID</Name>
<Val>Board_O1</Val>
</String>
<Cluster>
<Name>Position</Name>
<NumElts>3</NumElts>
<SGL>
<Name>X</Name>
<Val>2.61365</Val>
</SGL>
<SGL>
<Name>Y</Name>
<Val>4.58400</Val>
</SGL>
<SGL>
<Name>Z</Name>
<Val>0.11000</Val>
</SGL>
</Cluster>
<Cluster>
<Name>Rotation</Name>
<NumElts>2</NumElts>
<Cluster>
<Name>Axis</Name>
<NumElts>3</NumElts>
<SGL>
<Name>X</Name>
<Val>0.33546</Val>
</SGL>
<SGL>
<Name>Y</Name>
<Val>-5.91504E-2</Val>
</SGL>
<SGL>
<Name>Z</Name>
<Val>-0.94020</Val>
</SGL>
</Cluster>
<SGL>
<Name>Angle</Name>
<Val>0.37078</Val>
</SGL>
</Cluster>
<SGL>
<Name>Mass</Name>
<Val>100.00000</Val>
</SGL>
<U16>
<Name>Material</Name>
<Val>9</Val>
</U16>
<Cluster>
<Name>Color</Name>
<NumElts>4</NumElts>
<SGL>
<Name>Red</Name>
<Val>1.00000</Val>
</SGL>
<SGL>
<Name>Green</Name>
<Val>1.00000</Val>
</SGL>
<SGL>
<Name>Blue</Name>
<Val>1.00000</Val>
</SGL>
<SGL>
<Name>Alpha</Name>
<Val>1.00000</Val>
</SGL>
</Cluster>
<Path>
<Name>Model File (.ive)</Name>
<Val></Val>
</Path>
<Path>
<Name>Model File (.stl)</Name>
<Val></Val>
</Path>
<Path>
<Name>Texture File (.png)</Name>
<Val></Val>
</Path>
<Boolean>
<Name>Kinematic</Name>
<Val>1</Val>
</Boolean>
<Boolean>
<Name>Visible</Name>
<Val>1</Val>
</Boolean>
<Refnum>
<Name>3D Object</Name>
<RefKind>LV Object</RefKind>
<RefType>Scene</RefType>
<Val>0x7F50000B</Val>
</Refnum>
<Refnum>
<Name>ODE Geometry</Name>
<RefKind>Generic</RefKind>
<RefType>LVODE</RefType>
<Val>0x00000000</Val>
</Refnum>
</Cluster>
<Cluster>
<Name>3D_Physics_Box.lvclass</Name>
<NumElts>3</NumElts>
<SGL>
<Name>Length X</Name>
<Val>1.00000</Val>
</SGL>
<SGL>
<Name>Length Y</Name>
<Val>2.00000</Val>
</SGL>
<SGL>
<Name>Length Z</Name>
<Val>1.00000E-2</Val>
</SGL>
</Cluster>
</Object>
<Object>
<Name>Base.lvclass</Name>
<NumLevels>2</NumLevels>
<Class>NI_Robotics_Simulator.lvlib:3D_Physics_Box.lvclass</Class>
<Version>1.0.0.0</Version>
<Version>1.0.0.0</Version>
<Cluster>
<Name>3D_Physics_Base.lvclass</Name>
<NumElts>13</NumElts>
<String>
<Name>ID</Name>
<Val>Support_O2</Val>
</String>
<Cluster>
<Name>Position</Name>
<NumElts>3</NumElts>
<SGL>
<Name>X</Name>
<Val>2.82268</Val>
</SGL>
<SGL>
<Name>Y</Name>
<Val>4.17943</Val>
</SGL>
<SGL>
<Name>Z</Name>
<Val>0.20000</Val>
</SGL>
</Cluster>
<Cluster>
<Name>Rotation</Name>
<NumElts>2</NumElts>
<Cluster>
<Name>Axis</Name>
<NumElts>3</NumElts>
<SGL>
<Name>X</Name>
<Val>0.00000</Val>
</SGL>
<SGL>
<Name>Y</Name>
<Val>0.00000</Val>
</SGL>
<SGL>
<Name>Z</Name>
<Val>-1.00000</Val>
</SGL>
</Cluster>
<SGL>
<Name>Angle</Name>
<Val>0.50513</Val>
</SGL>
</Cluster>
<SGL>
<Name>Mass</Name>
<Val>100.00000</Val>
</SGL>
<U16>
<Name>Material</Name>
<Val>9</Val>
</U16>
<Cluster>
<Name>Color</Name>
<NumElts>4</NumElts>
<SGL>
<Name>Red</Name>
<Val>1.00000</Val>
</SGL>
<SGL>
<Name>Green</Name>
<Val>1.00000</Val>
</SGL>
<SGL>
<Name>Blue</Name>
<Val>1.00000</Val>
</SGL>
<SGL>
<Name>Alpha</Name>
<Val>1.00000</Val>
</SGL>
</Cluster>
<Path>
<Name>Model File (.ive)</Name>
<Val></Val>
</Path>
<Path>
<Name>Model File (.stl)</Name>
<Val></Val>
</Path>
<Path>
<Name>Texture File (.png)</Name>
<Val></Val>
</Path>
<Boolean>
<Name>Kinematic</Name>
<Val>0</Val>
</Boolean>
<Boolean>
<Name>Visible</Name>
<Val>1</Val>
</Boolean>
<Refnum>
<Name>3D Object</Name>
<RefKind>LV Object</RefKind>
<RefType>Scene</RefType>
<Val>0x7F80000A</Val>
</Refnum>
<Refnum>
<Name>ODE Geometry</Name>
<RefKind>Generic</RefKind>
<RefType>LVODE</RefType>
<Val>0x00000000</Val>
</Refnum>
</Cluster>
<Cluster>
<Name>3D_Physics_Box.lvclass</Name>
<NumElts>3</NumElts>
<SGL>
<Name>Length X</Name>
<Val>0.30000</Val>
</SGL>
<SGL>
<Name>Length Y</Name>
<Val>0.30000</Val>
</SGL>
<SGL>
<Name>Length Z</Name>
<Val>0.20000</Val>
</SGL>
</Cluster>
</Object>
</Array>
<String>
<Name>Simulation Instance GUID</Name>
<Val>Return a GUID</Val>
</String>
<Cluster>
<Name>Position</Name>
<NumElts>3</NumElts>
<DBL>
<Name>Longitude (deg)</Name>
<Val>37.80000000000000</Val>
</DBL>
<DBL>
<Name>Latitude (deg)</Name>
<Val>-122.31000000000000</Val>
</DBL>
<DBL>
<Name>Altitude (m)</Name>
<Val>220.00000000000000</Val>
</DBL>
</Cluster>
<Cluster>
<Name>Gravity</Name>
<NumElts>3</NumElts>
<DBL>
<Name>X</Name>
<Val>0.00000000000000</Val>
</DBL>
<DBL>
<Name>Y</Name>
<Val>0.00000000000000</Val>
</DBL>
<DBL>
<Name>Z</Name>
<Val>-9.80000000000000</Val>
</DBL>
</Cluster>
<Boolean>
<Name>Pause</Name>
<Val>0</Val>
</Boolean>
</Cluster>
</Object>
</LVData>